polars_read_duration,pandas_read_duration
0.6342742443084717,8.89837384223938
0.6121039390563965,10.053862810134888
0.6235771179199219,10.276403903961182
0.6166961193084717,9.94220495223999
0.6446318626403809,10.300371170043945
0.5977771282196045,10.267850875854492
0.6105260848999023,9.891176223754883
0.7114212512969971,10.00203800201416
0.6477172374725342,10.314255952835083
0.5845980644226074,10.231460094451904
